{
  "DarkArmor": {
    "name": "Dark Armor",
    "rarity": "GODLY",
    "item_class": "NEUTRAL",
    "elements": [
      "DARK"
    ],
    "types": [
      "ARMOR"
    ],
    "base_score": 40,
    "has_cooldown": true,
    "is_start_of_battle": true,
    "shape_matrix": [
      [
        0,
        2,
        2,
        0
      ],
      [
        2,
        1,
        1,
        2
      ],
      [
        2,
        1,
        1,
        2
      ],
      [
        2,
        1,
        1,
        2
      ],
      [
        0,
        2,
        2,
        0
      ]
    ],
    "passive_effects": [],
    "star_effects": {
      "STAR_A_1": [
        {
          "effect": "ADD_ELEMENT_TO_TARGET",
          "value": "DARK",
          "condition": {
            "requires_element": "HOLY"
          }
        }
      ],
      "STAR_A_2": [
        {
          "effect": "ADD_SCORE_TO_SELF",
          "value": 8,
          "condition": {
            "requires_element": "DARK"
          }
        }
      ]
    }
  },
  "NullBlade": {
    "name": "Null Blade",
    "rarity": "GODLY",
    "item_class": "MAGE",
    "elements": [
      "DARK",
      "HOLY",
      "MAGIC",
      "MELEE"
    ],
    "types": [
      "SPELL",
      "WEAPON"
    ],
    "base_score": 35,
    "has_cooldown": true,
    "is_start_of_battle": false,
    "shape_matrix": [
      [
        1
      ],
      [
        1
      ],
      [
        1
      ]
    ],
    "passive_effects": [],
    "star_effects": {}
  },
  "HatefulHat": {
    "name": "Hateful Hat",
    "rarity": "UNIQUE",
    "item_class": "MAGE",
    "elements": [
      "DARK",
      "MAGIC"
    ],
    "types": [
      "HELMET",
      "PET"
    ],
    "base_score": -1,
    "has_cooldown": true,
    "is_start_of_battle": false,
    "shape_matrix": [
      [
        0,
        2,
        0
      ],
      [
        2,
        2,
        2
      ],
      [
        2,
        1,
        2
      ],
      [
        1,
        1,
        1
      ],
      [
        3,
        3,
        3
      ],
      [
        3,
        3,
        3
      ]
    ],
    "passive_effects": [
      {
        "effect": "ADD_SCORE_TO_TARGET",
        "value": 20,
        "condition_logic": "AND",
        "condition": {
          "requires_name": [
            "Stone Armor"
          ]
        }
      }
    ],
    "star_effects": {
      "STAR_A_1": [
        {
          "effect": "MULTIPLY_SCORE_OF_TARGET",
          "value": 2.2,
          "condition_logic": "AND",
          "condition": {
            "requires_name": "Null Blade"
          }
        },
        {
          "effect": "MULTIPLY_SCORE_OF_TARGET",
          "value": 1.5,
          "condition_logic": "AND",
          "condition": {
            "requires_type": "WEAPON"
          }
        }
      ],
      "STAR_B_1": [
        {
          "effect": "ADD_TO_NEUTRAL_POOL",
          "value": 25,
          "condition_logic": "AND",
          "condition": {
            "requires_element": "DARK"
          }
        }
      ]
    }
  },
  "PoisonSpear": {
    "name": "Poison Spear",
    "rarity": "LEGENDARY",
    "item_class": "NEUTRAL",
    "elements": [
      "MELEE"
    ],
    "types": [
      "WEAPON"
    ],
    "base_score": 15,
    "has_cooldown": true,
    "is_start_of_battle": false,
    "shape_matrix": [
      [
        1,
        1,
        1,
        1,
        2,
        2,
        2,
        2,
        2
      ]
    ],
    "passive_effects": [],
    "star_effects": {
      "STAR_A_1": [
        {
          "effect": "ADD_SCORE_TO_SELF",
          "value": 3,
          "condition_logic": "OR",
          "condition": {
            "requires_empty": true,
            "requires_element": "NATURE"
          }
        }
      ]
    }
  },
  "BlackScroll": {
    "name": "Black Scroll",
    "rarity": "GODLY",
    "item_class": "MAGE",
    "elements": [
      "DARK",
      "MAGIC"
    ],
    "types": [
      "SPELL"
    ],
    "base_score": 10,
    "has_cooldown": true,
    "is_start_of_battle": false,
    "shape_matrix": [
      [
        0,
        0,
        2,
        0,
        0
      ],
      [
        3,
        0,
        0,
        3,
        2
      ],
      [
        0,
        0,
        1,
        1,
        0
      ],
      [
        2,
        3,
        0,
        0,
        3
      ],
      [
        0,
        0,
        0,
        2,
        0
      ]
    ],
    "passive_effects": [],
    "star_effects": {
      "STAR_A_1": [
        {
          "effect": "MULTIPLY_SCORE_OF_TARGET",
          "value": {
            "base": 1.3,
            "dynamic_bonus": {
              "add": 0.05,
              "per_activated_star": "STAR_B"
            }
          },
          "condition_logic": "AND",
          "condition": {
            "requires_cooldown": true
          }
        },
        {
          "effect": "ADD_SCORE_TO_SELF",
          "value": "",
          "condition_logic": "AND",
          "condition": {}
        }
      ],
      "STAR_A_2": [
        {
          "effect": "ADD_SCORE_TO_TARGET",
          "value": 20,
          "condition_logic": "AND",
          "condition": {
            "requires_name": "Bird"
          }
        }
      ],
      "STAR_B_1": [
        {
          "effect": "ADD_SCORE_TO_SELF",
          "value": "",
          "condition_logic": "AND",
          "condition": {
            "requires_element": "DARK"
          }
        }
      ]
    }
  },
  "Bird": {
    "name": "Bird",
    "rarity": "LEGENDARY",
    "item_class": "NEUTRAL",
    "elements": [
      "MUSICAL",
      "NATURE"
    ],
    "types": [
      "PET"
    ],
    "base_score": 5,
    "has_cooldown": true,
    "is_start_of_battle": false,
    "shape_matrix": [
      [
        0,
        0,
        0,
        0,
        0,
        2
      ],
      [
        0,
        0,
        0,
        0,
        2,
        2
      ],
      [
        0,
        0,
        0,
        2,
        2,
        2
      ],
      [
        0,
        1,
        2,
        2,
        2,
        2
      ],
      [
        1,
        1,
        0,
        2,
        2,
        2
      ],
      [
        0,
        0,
        0,
        0,
        2,
        2
      ],
      [
        0,
        0,
        0,
        0,
        0,
        2
      ]
    ],
    "passive_effects": [],
    "star_effects": {
      "STAR_A_1": [
        {
          "effect": "MULTIPLY_SCORE_OF_TARGET",
          "value": 1.15,
          "condition_logic": "AND",
          "condition": {
            "requires_cooldown": true
          }
        }
      ],
      "STAR_A_2": [
        {
          "effect": "ADD_SCORE_TO_TARGET",
          "value": 20,
          "condition_logic": "AND",
          "condition": {
            "requires_name": "Black Scroll"
          }
        }
      ]
    }
  },
  "StoneArmor": {
    "name": "Stone Armor",
    "rarity": "LEGENDARY",
    "item_class": "NEUTRAL",
    "elements": [],
    "types": [
      "ARMOR"
    ],
    "base_score": 25,
    "has_cooldown": true,
    "is_start_of_battle": true,
    "shape_matrix": [
      [
        1,
        1
      ],
      [
        1,
        1
      ],
      [
        1,
        1
      ]
    ],
    "passive_effects": [],
    "star_effects": {}
  },
  "Blueberry": {
    "name": "Blueberry",
    "rarity": "RARE",
    "item_class": "NEUTRAL",
    "elements": [
      "MAGIC",
      "NATURE"
    ],
    "types": [
      "FOOD"
    ],
    "base_score": 4,
    "has_cooldown": true,
    "is_start_of_battle": false,
    "shape_matrix": [
      [
        0,
        2,
        0
      ],
      [
        2,
        1,
        2
      ],
      [
        0,
        2,
        0
      ]
    ],
    "passive_effects": [],
    "star_effects": {
      "STAR_A_1": [
        {
          "effect": "MULTIPLY_SCORE_OF_SELF",
          "value": 1.1,
          "condition_logic": "AND",
          "condition": {
            "must_be_different": true,
            "requires_type": "FOOD"
          }
        }
      ]
    }
  },
  "Garlic": {
    "name": "Garlic",
    "rarity": "COMMON",
    "item_class": "NEUTRAL",
    "elements": [
      "NATURE"
    ],
    "types": [
      "FOOD"
    ],
    "base_score": 4,
    "has_cooldown": true,
    "is_start_of_battle": false,
    "shape_matrix": [
      [
        0,
        2,
        0
      ],
      [
        2,
        1,
        2
      ],
      [
        2,
        1,
        2
      ],
      [
        0,
        2,
        0
      ]
    ],
    "passive_effects": [],
    "star_effects": {
      "STAR_A_1": [
        {
          "effect": "MULTIPLY_SCORE_OF_SELF",
          "value": 1.1,
          "condition_logic": "AND",
          "condition": {
            "must_be_different": true,
            "requires_type": "FOOD"
          }
        }
      ]
    }
  },
  "Redbook": {
    "name": "Red book",
    "rarity": "COMMON",
    "item_class": "MAGE",
    "elements": [
      "MAGIC"
    ],
    "types": [
      "BOOK"
    ],
    "base_score": 8,
    "has_cooldown": true,
    "is_start_of_battle": false,
    "shape_matrix": [
      [
        0,
        2,
        0
      ],
      [
        2,
        1,
        2
      ],
      [
        2,
        1,
        2
      ],
      [
        0,
        2,
        0
      ]
    ],
    "passive_effects": [],
    "star_effects": {
      "STAR_A_1": [
        {
          "effect": "ADD_SCORE_TO_SELF",
          "value": 6,
          "condition_logic": "AND",
          "condition": {
            "requires_name": [
              "Null Blade"
            ]
          }
        },
        {
          "effect": "ADD_SCORE_TO_SELF",
          "value": 3,
          "condition_logic": "AND",
          "condition": {
            "requires_type": "SPELL"
          }
        }
      ]
    }
  },
  "WhiteScroll": {
    "name": "White Scroll",
    "rarity": "EPIC",
    "item_class": "MAGE",
    "elements": [
      "HOLY",
      "MAGIC"
    ],
    "types": [
      "SPELL"
    ],
    "base_score": 20,
    "has_cooldown": true,
    "is_start_of_battle": false,
    "shape_matrix": [
      [
        0,
        2,
        2,
        0
      ],
      [
        2,
        2,
        2,
        2
      ],
      [
        0,
        1,
        1,
        0
      ]
    ],
    "passive_effects": [],
    "star_effects": {
      "STAR_A_1": [
        {
          "effect": "MULTIPLY_SCORE_OF_SELF",
          "value": 1.1,
          "condition_logic": "AND",
          "condition": {
            "requires_element": "HOLY"
          }
        }
      ]
    }
  },
  "Shelly": {
    "name": "Shelly",
    "rarity": "RARE",
    "item_class": "NEUTRAL",
    "elements": [
      "HOLY",
      "NATURE"
    ],
    "types": [
      "PET"
    ],
    "base_score": 20,
    "has_cooldown": true,
    "is_start_of_battle": false,
    "shape_matrix": [
      [
        0,
        1,
        1,
        0
      ],
      [
        2,
        2,
        2,
        2
      ]
    ],
    "passive_effects": [],
    "star_effects": {
      "STAR_A_1": [
        {
          "effect": "MULTIPLY_SCORE_OF_SELF",
          "value": 1.15,
          "condition_logic": "AND",
          "condition": {
            "requires_type": "POTION"
          }
        }
      ]
    }
  },
  "LightBook": {
    "name": "Light Book",
    "rarity": "GODLY",
    "item_class": "MAGE",
    "elements": [
      "HOLY",
      "MAGIC"
    ],
    "types": [
      "BOOK"
    ],
    "base_score": 20,
    "has_cooldown": true,
    "is_start_of_battle": false,
    "shape_matrix": [
      [
        0,
        0,
        2,
        0,
        0
      ],
      [
        2,
        0,
        2,
        0,
        2
      ],
      [
        0,
        2,
        1,
        2,
        0
      ],
      [
        0,
        2,
        1,
        2,
        0
      ],
      [
        2,
        0,
        0,
        0,
        2
      ]
    ],
    "passive_effects": [],
    "star_effects": {
      "STAR_A_1": [
        {
          "effect": "MULTIPLY_SCORE_OF_SELF",
          "value": 1.2,
          "condition_logic": "AND",
          "condition": {
            "requires_element": "HOLY",
            "requires_type": "SPELL"
          }
        },
        {
          "effect": "MULTIPLY_SCORE_OF_SELF",
          "value": 1.1,
          "condition_logic": "AND",
          "condition": {
            "requires_type": "SPELL"
          }
        }
      ]
    }
  },
  "Shell": {
    "name": "Shell",
    "rarity": "COMMON",
    "item_class": "NEUTRAL",
    "elements": [
      "HOLY",
      "NATURE"
    ],
    "types": [
      "ACCESSORY"
    ],
    "base_score": 3,
    "has_cooldown": false,
    "is_start_of_battle": false,
    "shape_matrix": [
      [
        0,
        0,
        0
      ],
      [
        2,
        1,
        2
      ],
      [
        0,
        0,
        0
      ]
    ],
    "passive_effects": [],
    "star_effects": {
      "STAR_A_1": [
        {
          "effect": "ADD_SCORE_TO_SELF",
          "value": 1,
          "condition_logic": "AND",
          "condition": {
            "requires_element": "HOLY"
          }
        }
      ]
    }
  },
  "WhetStone": {
    "name": "WhetStone",
    "rarity": "COMMON",
    "item_class": "NEUTRAL",
    "elements": [],
    "types": [
      "ACCESSORY"
    ],
    "base_score": 0,
    "has_cooldown": false,
    "is_start_of_battle": true,
    "shape_matrix": [
      [
        0,
        0,
        0
      ],
      [
        2,
        1,
        2
      ],
      [
        0,
        0,
        0
      ]
    ],
    "passive_effects": [],
    "star_effects": {
      "STAR_A_1": [
        {
          "effect": "ADD_SCORE_TO_TARGET",
          "value": 4,
          "condition_logic": "AND",
          "condition": {
            "requires_type": "WEAPON"
          }
        }
      ]
    }
  },
  "Stone": {
    "name": "Stone",
    "rarity": "COMMON",
    "item_class": "NEUTRAL",
    "elements": [
      "NATURE",
      "RANGED"
    ],
    "types": [
      "WEAPON"
    ],
    "base_score": 1,
    "has_cooldown": true,
    "is_start_of_battle": false,
    "shape_matrix": [
      [
        1
      ]
    ],
    "passive_effects": [],
    "star_effects": {}
  },
  "Broom": {
    "name": "Broom",
    "rarity": "COMMON",
    "item_class": "NEUTRAL",
    "elements": [
      "MELEE"
    ],
    "types": [
      "WEAPON"
    ],
    "base_score": 8,
    "has_cooldown": true,
    "is_start_of_battle": false,
    "shape_matrix": [
      [
        1
      ],
      [
        1
      ],
      [
        1
      ],
      [
        1
      ]
    ],
    "passive_effects": [],
    "star_effects": {}
  },
  "Pan": {
    "name": "Pan",
    "rarity": "COMMON",
    "item_class": "NEUTRAL",
    "elements": [
      "MELEE"
    ],
    "types": [
      "WEAPON"
    ],
    "base_score": 8,
    "has_cooldown": true,
    "is_start_of_battle": false,
    "shape_matrix": [
      [
        0,
        2,
        0,
        0
      ],
      [
        2,
        1,
        2,
        0
      ],
      [
        2,
        1,
        1,
        2
      ],
      [
        0,
        2,
        2,
        0
      ]
    ],
    "passive_effects": [],
    "star_effects": {
      "STAR_A_1": [
        {
          "effect": "ADD_SCORE_TO_SELF",
          "value": 1.5,
          "condition_logic": "AND",
          "condition": {
            "requires_type": "FOOD"
          }
        }
      ]
    }
  },
  "Glove": {
    "name": "Glove",
    "rarity": "RARE",
    "item_class": "NEUTRAL",
    "elements": [],
    "types": [
      "ACCESSORY",
      "GLOVE"
    ],
    "base_score": 0,
    "has_cooldown": false,
    "is_start_of_battle": true,
    "shape_matrix": [
      [
        2,
        1,
        1,
        2
      ]
    ],
    "passive_effects": [],
    "star_effects": {
      "STAR_A_1": [
        {
          "effect": "MULTIPLY_SCORE_OF_TARGET",
          "value": 1.2,
          "condition_logic": "AND",
          "condition": {
            "requires_cooldown": true
          }
        }
      ]
    }
  },
  "Wand": {
    "name": "Wand",
    "rarity": "COMMON",
    "item_class": "MAGE",
    "elements": [
      "MAGIC"
    ],
    "types": [
      "ACCESSORY"
    ],
    "base_score": 10,
    "has_cooldown": true,
    "is_start_of_battle": false,
    "shape_matrix": [
      [
        1
      ],
      [
        1
      ]
    ],
    "passive_effects": [],
    "star_effects": {}
  },
  "GreenScroll": {
    "name": "Green Scroll",
    "rarity": "RARE",
    "item_class": "MAGE",
    "elements": [
      "MAGIC",
      "NATURE"
    ],
    "types": [
      "SPELL"
    ],
    "base_score": 0,
    "has_cooldown": false,
    "is_start_of_battle": false,
    "shape_matrix": [
      [
        0,
        2,
        2,
        0
      ],
      [
        2,
        1,
        1,
        2
      ],
      [
        0,
        2,
        2,
        0
      ]
    ],
    "passive_effects": [],
    "star_effects": {
      "STAR_A_1": [
        {
          "effect": "ADD_SCORE_TO_TARGET",
          "value": 3,
          "condition_logic": "AND",
          "condition": {
            "requires_type": "WEAPON"
          }
        }
      ]
    }
  },
  "GreenBook": {
    "name": "Green Book",
    "rarity": "EPIC",
    "item_class": "MAGE",
    "elements": [
      "MAGIC",
      "NATURE"
    ],
    "types": [
      "BOOK"
    ],
    "base_score": 15,
    "has_cooldown": true,
    "is_start_of_battle": false,
    "shape_matrix": [
      [
        0,
        2,
        2,
        2,
        0
      ],
      [
        2,
        2,
        2,
        2,
        2
      ],
      [
        0,
        2,
        1,
        2,
        0
      ],
      [
        0,
        0,
        1,
        0,
        0
      ]
    ],
    "passive_effects": [],
    "star_effects": {
      "STAR_A_1": [
        {
          "effect": "MULTIPLY_SCORE_OF_SELF",
          "value": 1.2,
          "condition_logic": "AND",
          "condition": {
            "requires_element": "NATURE",
            "requires_type": "SPELL"
          }
        },
        {
          "effect": "MULTIPLY_SCORE_OF_SELF",
          "value": 1.1,
          "condition_logic": "AND",
          "condition": {
            "requires_type": "SPELL"
          }
        }
      ]
    }
  },
  "Rabbit": {
    "name": "Rabbit",
    "rarity": "GODLY",
    "item_class": "MAGE",
    "elements": [
      "NATURE"
    ],
    "types": [
      "PET"
    ],
    "base_score": 12,
    "has_cooldown": true,
    "is_start_of_battle": false,
    "shape_matrix": [
      [
        0,
        2,
        2,
        0
      ],
      [
        2,
        1,
        1,
        2
      ],
      [
        2,
        1,
        1,
        2
      ],
      [
        0,
        2,
        2,
        0
      ]
    ],
    "passive_effects": [],
    "star_effects": {
      "STAR_A_1": [
        {
          "effect": "MULTIPLY_SCORE_OF_SELF",
          "value": 1.15,
          "condition_logic": "AND",
          "condition": {
            "requires_type": "PET"
          }
        }
      ]
    }
  },
  "Darkhelmet": {
    "name": "Dark helmet",
    "rarity": "LEGENDARY",
    "item_class": "NEUTRAL",
    "elements": [
      "DARK"
    ],
    "types": [
      "HELMET"
    ],
    "base_score": 35,
    "has_cooldown": false,
    "is_start_of_battle": true,
    "shape_matrix": [
      [
        1
      ],
      [
        1
      ]
    ],
    "passive_effects": [],
    "star_effects": {}
  },
  "Battlecry": {
    "name": "Battlecry",
    "rarity": "UNIQUE",
    "item_class": "NEUTRAL",
    "elements": [],
    "types": [
      "SKILL"
    ],
    "base_score": 0,
    "has_cooldown": false,
    "is_start_of_battle": false,
    "shape_matrix": [
      [
        2,
        2,
        2
      ],
      [
        2,
        1,
        2
      ],
      [
        2,
        2,
        2
      ]
    ],
    "passive_effects": [],
    "star_effects": {
      "STAR_A_1": [
        {
          "effect": "MULTIPLY_SCORE_OF_TARGET",
          "value": 2,
          "condition_logic": "AND",
          "condition": {
            "requires_start_of_battle": true
          }
        }
      ]
    }
  },
  "BloodBlade": {
    "name": "Blood Blade",
    "rarity": "EPIC",
    "item_class": "NEUTRAL",
    "elements": [
      "MELEE",
      "VAMPIRIC"
    ],
    "types": [
      "WEAPON"
    ],
    "base_score": 18,
    "has_cooldown": true,
    "is_start_of_battle": false,
    "shape_matrix": [
      [
        1
      ],
      [
        1
      ],
      [
        1
      ]
    ],
    "passive_effects": [],
    "star_effects": {}
  }
}